--
-- PostgreSQL database dump
--

\restrict L4BuUQDR68iW3QTDxutGCPyJXWNlSKaqCe2HSrZJ5DTss0kqGW8cjmKvMcOazPk

-- Dumped from database version 18.1
-- Dumped by pg_dump version 18.1

-- Started on 2026-06-09 22:28:45

SET statement_timeout = 0;
SET lock_timeout = 0;
SET idle_in_transaction_session_timeout = 0;
SET transaction_timeout = 0;
SET client_encoding = 'UTF8';
SET standard_conforming_strings = on;
SELECT pg_catalog.set_config('search_path', '', false);
SET check_function_bodies = false;
SET xmloption = content;
SET client_min_messages = warning;
SET row_security = off;

SET default_tablespace = '';

SET default_table_access_method = heap;

--
-- TOC entry 229 (class 1259 OID 32857)
-- Name: Ejercicios; Type: TABLE; Schema: public; Owner: postgres
--

CREATE TABLE public."Ejercicios" (
    "Id" integer NOT NULL,
    "Nombre" text NOT NULL,
    "Series" integer NOT NULL,
    "Repeticiones" text NOT NULL,
    "PesoKg" double precision NOT NULL,
    "Dia" text NOT NULL,
    "RutinaId" integer NOT NULL
);


ALTER TABLE public."Ejercicios" OWNER TO postgres;

--
-- TOC entry 228 (class 1259 OID 32856)
-- Name: Ejercicios_Id_seq; Type: SEQUENCE; Schema: public; Owner: postgres
--

ALTER TABLE public."Ejercicios" ALTER COLUMN "Id" ADD GENERATED BY DEFAULT AS IDENTITY (
    SEQUENCE NAME public."Ejercicios_Id_seq"
    START WITH 1
    INCREMENT BY 1
    NO MINVALUE
    NO MAXVALUE
    CACHE 1
);


--
-- TOC entry 223 (class 1259 OID 32801)
-- Name: Perfiles; Type: TABLE; Schema: public; Owner: postgres
--

CREATE TABLE public."Perfiles" (
    "Id" integer NOT NULL,
    "Edad" integer NOT NULL,
    "Peso" double precision NOT NULL,
    "Altura" double precision NOT NULL,
    "Objetivo" text NOT NULL,
    "UsuarioId" integer NOT NULL
);


ALTER TABLE public."Perfiles" OWNER TO postgres;

--
-- TOC entry 222 (class 1259 OID 32800)
-- Name: Perfiles_Id_seq; Type: SEQUENCE; Schema: public; Owner: postgres
--

ALTER TABLE public."Perfiles" ALTER COLUMN "Id" ADD GENERATED BY DEFAULT AS IDENTITY (
    SEQUENCE NAME public."Perfiles_Id_seq"
    START WITH 1
    INCREMENT BY 1
    NO MINVALUE
    NO MAXVALUE
    CACHE 1
);


--
-- TOC entry 225 (class 1259 OID 32820)
-- Name: RegistrosProgreso; Type: TABLE; Schema: public; Owner: postgres
--

CREATE TABLE public."RegistrosProgreso" (
    "Id" integer NOT NULL,
    "Fecha" timestamp with time zone NOT NULL,
    "Peso" double precision NOT NULL,
    "Notas" text NOT NULL,
    "ClienteId" integer NOT NULL
);


ALTER TABLE public."RegistrosProgreso" OWNER TO postgres;

--
-- TOC entry 224 (class 1259 OID 32819)
-- Name: RegistrosProgreso_Id_seq; Type: SEQUENCE; Schema: public; Owner: postgres
--

ALTER TABLE public."RegistrosProgreso" ALTER COLUMN "Id" ADD GENERATED BY DEFAULT AS IDENTITY (
    SEQUENCE NAME public."RegistrosProgreso_Id_seq"
    START WITH 1
    INCREMENT BY 1
    NO MINVALUE
    NO MAXVALUE
    CACHE 1
);


--
-- TOC entry 227 (class 1259 OID 32838)
-- Name: Rutinas; Type: TABLE; Schema: public; Owner: postgres
--

CREATE TABLE public."Rutinas" (
    "Id" integer NOT NULL,
    "Nombre" text NOT NULL,
    "Descripcion" text NOT NULL,
    "DiasSemana" integer NOT NULL,
    "FechaCreacion" timestamp with time zone NOT NULL,
    "ClienteId" integer NOT NULL
);


ALTER TABLE public."Rutinas" OWNER TO postgres;

--
-- TOC entry 226 (class 1259 OID 32837)
-- Name: Rutinas_Id_seq; Type: SEQUENCE; Schema: public; Owner: postgres
--

ALTER TABLE public."Rutinas" ALTER COLUMN "Id" ADD GENERATED BY DEFAULT AS IDENTITY (
    SEQUENCE NAME public."Rutinas_Id_seq"
    START WITH 1
    INCREMENT BY 1
    NO MINVALUE
    NO MAXVALUE
    CACHE 1
);


--
-- TOC entry 221 (class 1259 OID 32787)
-- Name: Usuarios; Type: TABLE; Schema: public; Owner: postgres
--

CREATE TABLE public."Usuarios" (
    "Id" integer NOT NULL,
    "Nombre" text NOT NULL,
    "Email" text NOT NULL,
    "PasswordHash" text NOT NULL,
    "Rol" text NOT NULL,
    "FechaRegistro" timestamp with time zone NOT NULL
);


ALTER TABLE public."Usuarios" OWNER TO postgres;

--
-- TOC entry 220 (class 1259 OID 32786)
-- Name: Usuarios_Id_seq; Type: SEQUENCE; Schema: public; Owner: postgres
--

ALTER TABLE public."Usuarios" ALTER COLUMN "Id" ADD GENERATED BY DEFAULT AS IDENTITY (
    SEQUENCE NAME public."Usuarios_Id_seq"
    START WITH 1
    INCREMENT BY 1
    NO MINVALUE
    NO MAXVALUE
    CACHE 1
);


--
-- TOC entry 219 (class 1259 OID 32779)
-- Name: __EFMigrationsHistory; Type: TABLE; Schema: public; Owner: postgres
--

CREATE TABLE public."__EFMigrationsHistory" (
    "MigrationId" character varying(150) NOT NULL,
    "ProductVersion" character varying(32) NOT NULL
);


ALTER TABLE public."__EFMigrationsHistory" OWNER TO postgres;

--
-- TOC entry 5058 (class 0 OID 32857)
-- Dependencies: 229
-- Data for Name: Ejercicios; Type: TABLE DATA; Schema: public; Owner: postgres
--

COPY public."Ejercicios" ("Id", "Nombre", "Series", "Repeticiones", "PesoKg", "Dia", "RutinaId") FROM stdin;
8	Sentadillas	4	15	0	Lunes	8
9	Zancadas	3	15	0	Lunes	8
13	Burpees	4	12	0	Martes	8
18	Sentadillas	4	15	0	Jueves	8
19	Flexiones 	4	12	0	Jueves	8
20	Burpees 	3	12	0	Jueves	8
7	Caminata rápida o trotada	1	30 minutos	0	Lunes	8
10	Saltar cuerda	4	1 minuto	0	Lunes	8
11	Plancha	3	45 Segundos	0	Lunes	8
12	Trote	1	30 Minutos	0	Martes	8
14	Mountain Climbers	4	30 Segundos	0	Martes	8
15	Saltar cuerda	5	1 Minuto	0	Martes	8
16	Caminata	1	30 Minutos	0	Miércoles	8
17	Estiramientos	1	15 Minutos	0	Miércoles	8
21	Plancha	3	1 Minuto	0	Jueves	8
22	Bicicleta	1	30 Minutos	0	Viernes	8
23	Saltar cuerda	1	10 Minutos	0	Viernes	8
24	Trote 	1	15 Minutos	0	Viernes	8
28	Press de banca	4	10	10	Lunes	9
29	Aperturas 	3	12	7.5	Lunes	9
30	Fondos	3	10	0	Lunes	9
31	Extensión de tríceps 	3	12	7.5	Lunes	9
32	Dominadas 	4	8	0	Martes	9
33	Remo con barra	4	10	10	Martes	9
34	Curl bíceps 	3	12	7.5	Martes	9
35	Curl martillo 	3	12	7.5	Martes	9
36	Sentadilla 	4	10	15	Jueves	9
37	Prensa	4	12	25	Jueves	9
38	Peso muerto rumano	3	10	15	Jueves	9
39	Pantorrilla	4	15	20	Jueves	9
40	Press militar 	4	10	10	Viernes	9
41	Elevaciones laterales 	3	12	7.5	Viernes	9
42	Encogimientos 	3	15	15	Viernes	9
43	Plancha 	3	1 Minuto	0	Viernes	9
44	Trote 	1	20 Minutos	0	Lunes	10
45	Bicicleta	1	20 Minutos	0	Lunes	10
46	Burpees 	3	15	0	Martes	10
47	Saltar Cuerda	1	5 Minutos	0	Martes	10
48	Mountain Climbers	3	30 Segundos	0	Martes	10
49	Caminata rápida	1	40 Minutos	0	Miércoles	10
50	Trote 	1	30 Minutos	0	Jueves	10
51	Bicicleta 	1	30 Minutos	0	Viernes	10
52	Saltar Cuerdit	1	10 Minutos	0	Viernes	10
\.


--
-- TOC entry 5052 (class 0 OID 32801)
-- Dependencies: 223
-- Data for Name: Perfiles; Type: TABLE DATA; Schema: public; Owner: postgres
--

COPY public."Perfiles" ("Id", "Edad", "Peso", "Altura", "Objetivo", "UsuarioId") FROM stdin;
2	25	79	185	Ganar músculo	6
1	27	69	158	Perder peso	3
3	23	75	179	Mejorar resistencia	7
\.


--
-- TOC entry 5054 (class 0 OID 32820)
-- Dependencies: 225
-- Data for Name: RegistrosProgreso; Type: TABLE DATA; Schema: public; Owner: postgres
--

COPY public."RegistrosProgreso" ("Id", "Fecha", "Peso", "Notas", "ClienteId") FROM stdin;
3	2026-05-31 19:13:14.138338-05	60	bien	3
5	2026-05-31 23:23:13.898518-05	78	bien	2
6	2026-06-01 22:06:28.983191-05	69	me ha gustado el proceso 	3
7	2026-06-03 19:31:16.207185-05	69	he notado mejoria	3
\.


--
-- TOC entry 5056 (class 0 OID 32838)
-- Dependencies: 227
-- Data for Name: Rutinas; Type: TABLE DATA; Schema: public; Owner: postgres
--

COPY public."Rutinas" ("Id", "Nombre", "Descripcion", "DiasSemana", "FechaCreacion", "ClienteId") FROM stdin;
8	Perder Peso	Quemar calorías y reducir grasa corporal.	5	2026-06-07 20:17:15.051596-05	3
9	Ganar Músculo	Hipertrofia muscular\nPara que los músculos crezcan, debes someterlos a un esfuerzo superior al que están acostumbrados	5	2026-06-07 22:58:43.965475-05	6
10	Mejorar Resistencia	Aumentar la capacidad cardiovascular.	5	2026-06-08 11:20:25.063884-05	7
\.


--
-- TOC entry 5050 (class 0 OID 32787)
-- Dependencies: 221
-- Data for Name: Usuarios; Type: TABLE DATA; Schema: public; Owner: postgres
--

COPY public."Usuarios" ("Id", "Nombre", "Email", "PasswordHash", "Rol", "FechaRegistro") FROM stdin;
2	Administrador	Admin@gym.com	$2a$11$amN1/BLZnkN5saG1jVA8pO/P8wxOW4044tjbQaLhCj0AGxa0Satq.	Admin	2026-05-30 22:31:56.981755-05
4	Pablo	Pablo@gym.com	$2a$11$n78Ue.00Bz8l26L6E1qZy.0kuF.Bbspbo60zENzS3qDZPtGMQhrlC	Entrenador	2026-06-01 21:38:58.727129-05
3	Sara	sara@gym.com	$2a$11$P7rCKg4C4V.DYAzg3L5qweoO8cxBrX7SnZ4cXA278wdvV.sKJAL.y	Cliente	2026-05-30 23:31:31.474108-05
6	Mariana	Mariana@gym.com	$2a$11$DlEWBqv8p8vatagkFkj4j.ge3wyrZKx8lPdTKKqxQ6O/pXAW8bWYK	Cliente	2026-06-07 17:12:35.530318-05
7	Santiago	Santiago@gym.com	$2a$11$t1h1vcjaXkPsssQkOFDycObsJ9oPRsIsEswdbhBEGREZW3y2XetPK	Cliente	2026-06-08 11:15:57.616854-05
8	Jose	jose@gym.com	$2a$11$IPbH9J7eK/IFCn.RG.PfmexLrFs5HfYNoaqxYNrKAbPZpDaWZgjOu	Entrenador	2026-06-08 20:57:13.742467-05
\.


--
-- TOC entry 5048 (class 0 OID 32779)
-- Dependencies: 219
-- Data for Name: __EFMigrationsHistory; Type: TABLE DATA; Schema: public; Owner: postgres
--

COPY public."__EFMigrationsHistory" ("MigrationId", "ProductVersion") FROM stdin;
20260525020332_InitialCreate	10.0.0
20260608032821_RepeticionesToString	10.0.0
20260608032946_RepeticionesStringV2	10.0.0
\.


--
-- TOC entry 5064 (class 0 OID 0)
-- Dependencies: 228
-- Name: Ejercicios_Id_seq; Type: SEQUENCE SET; Schema: public; Owner: postgres
--

SELECT pg_catalog.setval('public."Ejercicios_Id_seq"', 52, true);


--
-- TOC entry 5065 (class 0 OID 0)
-- Dependencies: 222
-- Name: Perfiles_Id_seq; Type: SEQUENCE SET; Schema: public; Owner: postgres
--

SELECT pg_catalog.setval('public."Perfiles_Id_seq"', 3, true);


--
-- TOC entry 5066 (class 0 OID 0)
-- Dependencies: 224
-- Name: RegistrosProgreso_Id_seq; Type: SEQUENCE SET; Schema: public; Owner: postgres
--

SELECT pg_catalog.setval('public."RegistrosProgreso_Id_seq"', 7, true);


--
-- TOC entry 5067 (class 0 OID 0)
-- Dependencies: 226
-- Name: Rutinas_Id_seq; Type: SEQUENCE SET; Schema: public; Owner: postgres
--

SELECT pg_catalog.setval('public."Rutinas_Id_seq"', 13, true);


--
-- TOC entry 5068 (class 0 OID 0)
-- Dependencies: 220
-- Name: Usuarios_Id_seq; Type: SEQUENCE SET; Schema: public; Owner: postgres
--

SELECT pg_catalog.setval('public."Usuarios_Id_seq"', 8, true);


--
-- TOC entry 4896 (class 2606 OID 32870)
-- Name: Ejercicios PK_Ejercicios; Type: CONSTRAINT; Schema: public; Owner: postgres
--

ALTER TABLE ONLY public."Ejercicios"
    ADD CONSTRAINT "PK_Ejercicios" PRIMARY KEY ("Id");


--
-- TOC entry 4887 (class 2606 OID 32813)
-- Name: Perfiles PK_Perfiles; Type: CONSTRAINT; Schema: public; Owner: postgres
--

ALTER TABLE ONLY public."Perfiles"
    ADD CONSTRAINT "PK_Perfiles" PRIMARY KEY ("Id");


--
-- TOC entry 4890 (class 2606 OID 32831)
-- Name: RegistrosProgreso PK_RegistrosProgreso; Type: CONSTRAINT; Schema: public; Owner: postgres
--

ALTER TABLE ONLY public."RegistrosProgreso"
    ADD CONSTRAINT "PK_RegistrosProgreso" PRIMARY KEY ("Id");


--
-- TOC entry 4893 (class 2606 OID 32850)
-- Name: Rutinas PK_Rutinas; Type: CONSTRAINT; Schema: public; Owner: postgres
--

ALTER TABLE ONLY public."Rutinas"
    ADD CONSTRAINT "PK_Rutinas" PRIMARY KEY ("Id");


--
-- TOC entry 4884 (class 2606 OID 32799)
-- Name: Usuarios PK_Usuarios; Type: CONSTRAINT; Schema: public; Owner: postgres
--

ALTER TABLE ONLY public."Usuarios"
    ADD CONSTRAINT "PK_Usuarios" PRIMARY KEY ("Id");


--
-- TOC entry 4881 (class 2606 OID 32785)
-- Name: __EFMigrationsHistory PK___EFMigrationsHistory; Type: CONSTRAINT; Schema: public; Owner: postgres
--

ALTER TABLE ONLY public."__EFMigrationsHistory"
    ADD CONSTRAINT "PK___EFMigrationsHistory" PRIMARY KEY ("MigrationId");


--
-- TOC entry 4894 (class 1259 OID 32876)
-- Name: IX_Ejercicios_RutinaId; Type: INDEX; Schema: public; Owner: postgres
--

CREATE INDEX "IX_Ejercicios_RutinaId" ON public."Ejercicios" USING btree ("RutinaId");


--
-- TOC entry 4885 (class 1259 OID 32877)
-- Name: IX_Perfiles_UsuarioId; Type: INDEX; Schema: public; Owner: postgres
--

CREATE UNIQUE INDEX "IX_Perfiles_UsuarioId" ON public."Perfiles" USING btree ("UsuarioId");


--
-- TOC entry 4888 (class 1259 OID 32878)
-- Name: IX_RegistrosProgreso_ClienteId; Type: INDEX; Schema: public; Owner: postgres
--

CREATE INDEX "IX_RegistrosProgreso_ClienteId" ON public."RegistrosProgreso" USING btree ("ClienteId");


--
-- TOC entry 4891 (class 1259 OID 32879)
-- Name: IX_Rutinas_ClienteId; Type: INDEX; Schema: public; Owner: postgres
--

CREATE INDEX "IX_Rutinas_ClienteId" ON public."Rutinas" USING btree ("ClienteId");


--
-- TOC entry 4882 (class 1259 OID 32880)
-- Name: IX_Usuarios_Email; Type: INDEX; Schema: public; Owner: postgres
--

CREATE UNIQUE INDEX "IX_Usuarios_Email" ON public."Usuarios" USING btree ("Email");


--
-- TOC entry 4900 (class 2606 OID 32871)
-- Name: Ejercicios FK_Ejercicios_Rutinas_RutinaId; Type: FK CONSTRAINT; Schema: public; Owner: postgres
--

ALTER TABLE ONLY public."Ejercicios"
    ADD CONSTRAINT "FK_Ejercicios_Rutinas_RutinaId" FOREIGN KEY ("RutinaId") REFERENCES public."Rutinas"("Id") ON DELETE CASCADE;


--
-- TOC entry 4897 (class 2606 OID 32814)
-- Name: Perfiles FK_Perfiles_Usuarios_UsuarioId; Type: FK CONSTRAINT; Schema: public; Owner: postgres
--

ALTER TABLE ONLY public."Perfiles"
    ADD CONSTRAINT "FK_Perfiles_Usuarios_UsuarioId" FOREIGN KEY ("UsuarioId") REFERENCES public."Usuarios"("Id") ON DELETE CASCADE;


--
-- TOC entry 4898 (class 2606 OID 32832)
-- Name: RegistrosProgreso FK_RegistrosProgreso_Usuarios_ClienteId; Type: FK CONSTRAINT; Schema: public; Owner: postgres
--

ALTER TABLE ONLY public."RegistrosProgreso"
    ADD CONSTRAINT "FK_RegistrosProgreso_Usuarios_ClienteId" FOREIGN KEY ("ClienteId") REFERENCES public."Usuarios"("Id") ON DELETE CASCADE;


--
-- TOC entry 4899 (class 2606 OID 32851)
-- Name: Rutinas FK_Rutinas_Usuarios_ClienteId; Type: FK CONSTRAINT; Schema: public; Owner: postgres
--

ALTER TABLE ONLY public."Rutinas"
    ADD CONSTRAINT "FK_Rutinas_Usuarios_ClienteId" FOREIGN KEY ("ClienteId") REFERENCES public."Usuarios"("Id") ON DELETE CASCADE;


-- Completed on 2026-06-09 22:28:46

--
-- PostgreSQL database dump complete
--

\unrestrict L4BuUQDR68iW3QTDxutGCPyJXWNlSKaqCe2HSrZJ5DTss0kqGW8cjmKvMcOazPk

